2C584442C9DC6740767CDE5672C12379	00005007A9F30E289E760362F69E4EAD
2C584442C9DC6740767CDE5672C12379	00005007A9F30E289E760362F69E4EAD
2C584442C9DC6740767CDE5672C12379	00005007A9F30E289E760362F69E4EAD
2C584442C9DC6740767CDE5672C12379	00005007A9F30E289E760362F69E4EAD
2C584442C9DC6740767CDE5672C12379	00005007A9F30E289E760362F69E4EAD
2C584442C9DC6740767CDE5672C12379	00005007A9F30E289E760362F69E4EAD
2C584442C9DC6740767CDE5672C12379	00005007A9F30E289E760362F69E4EAD
2C584442C9DC6740767CDE5672C12379	4463A0F1490839D29FA9575E1A6391AC
2C584442C9DC6740767CDE5672C12379	B16F7A8DAF231C5905DDEE16EECF9D3E
39C3E34B3E338A7210C1D3163E6E9589	00005007A9F30E289E760362F69E4EAD
39C3E34B3E338A7210C1D3163E6E9589	00005007A9F30E289E760362F69E4EAD
39C3E34B3E338A7210C1D3163E6E9589	00005007A9F30E289E760362F69E4EAD
39C3E34B3E338A7210C1D3163E6E9589	00005007A9F30E289E760362F69E4EAD
39C3E34B3E338A7210C1D3163E6E9589	00005007A9F30E289E760362F69E4EAD
39C3E34B3E338A7210C1D3163E6E9589	00005007A9F30E289E760362F69E4EAD
39C3E34B3E338A7210C1D3163E6E9589	00005007A9F30E289E760362F69E4EAD
39C3E34B3E338A7210C1D3163E6E9589	00005007A9F30E289E760362F69E4EAD
39C3E34B3E338A7210C1D3163E6E9589	00005007A9F30E289E760362F69E4EAD
39C3E34B3E338A7210C1D3163E6E9589	00005007A9F30E289E760362F69E4EAD
39C3E34B3E338A7210C1D3163E6E9589	00005007A9F30E289E760362F69E4EAD
39C3E34B3E338A7210C1D3163E6E9589	00005007A9F30E289E760362F69E4EAD
39C3E34B3E338A7210C1D3163E6E9589	00005007A9F30E289E760362F69E4EAD
39C3E34B3E338A7210C1D3163E6E9589	00005007A9F30E289E760362F69E4EAD
39C3E34B3E338A7210C1D3163E6E9589	00005007A9F30E289E760362F69E4EAD
39C3E34B3E338A7210C1D3163E6E9589	00005007A9F30E289E760362F69E4EAD
39C3E34B3E338A7210C1D3163E6E9589	00005007A9F30E289E760362F69E4EAD
39C3E34B3E338A7210C1D3163E6E9589	00005007A9F30E289E760362F69E4EAD
39C3E34B3E338A7210C1D3163E6E9589	00005007A9F30E289E760362F69E4EAD
39C3E34B3E338A7210C1D3163E6E9589	00005007A9F30E289E760362F69E4EAD
39C3E34B3E338A7210C1D3163E6E9589	00005007A9F30E289E760362F69E4EAD
39C3E34B3E338A7210C1D3163E6E9589	00005007A9F30E289E760362F69E4EAD
39C3E34B3E338A7210C1D3163E6E9589	00005007A9F30E289E760362F69E4EAD
39C3E34B3E338A7210C1D3163E6E9589	00005007A9F30E289E760362F69E4EAD
39C3E34B3E338A7210C1D3163E6E9589	00005007A9F30E289E760362F69E4EAD
39C3E34B3E338A7210C1D3163E6E9589	00005007A9F30E289E760362F69E4EAD
39C3E34B3E338A7210C1D3163E6E9589	00005007A9F30E289E760362F69E4EAD
39C3E34B3E338A7210C1D3163E6E9589	00005007A9F30E289E760362F69E4EAD
39C3E34B3E338A7210C1D3163E6E9589	00005007A9F30E289E760362F69E4EAD
39C3E34B3E338A7210C1D3163E6E9589	00005007A9F30E289E760362F69E4EAD
39C3E34B3E338A7210C1D3163E6E9589	00005007A9F30E289E760362F69E4EAD
39C3E34B3E338A7210C1D3163E6E9589	00005007A9F30E289E760362F69E4EAD
39C3E34B3E338A7210C1D3163E6E9589	00005007A9F30E289E760362F69E4EAD
39C3E34B3E338A7210C1D3163E6E9589	00005007A9F30E289E760362F69E4EAD
39C3E34B3E338A7210C1D3163E6E9589	00005007A9F30E289E760362F69E4EAD
39C3E34B3E338A7210C1D3163E6E9589	00005007A9F30E289E760362F69E4EAD
39C3E34B3E338A7210C1D3163E6E9589	00005007A9F30E289E760362F69E4EAD
39C3E34B3E338A7210C1D3163E6E9589	00005007A9F30E289E760362F69E4EAD
39C3E34B3E338A7210C1D3163E6E9589	00005007A9F30E289E760362F69E4EAD
39C3E34B3E338A7210C1D3163E6E9589	00005007A9F30E289E760362F69E4EAD
39C3E34B3E338A7210C1D3163E6E9589	00005007A9F30E289E760362F69E4EAD
